{
    "metadata": {
        "limit": 1000,
        "offset": 0,
        "resultCount": 4,
        "totalAmount": 0.0
    },
    "data": [
        {
            "company_code": 2,
            "level2_key": "GOOGL-DIS-PR-0023",
            "level3_key": "Billable Client",
            "level3_description": "Expenses - Billable to Client",
            "class_code": "PRODUCTION",
            "org_unit": "Creative",
            "expense_flag": 1,
            "labor_flag": 0,
            "level3_status": 1,
            "date_opened": "2019-07-01T00:00:00",
            "date_closed": "",
            "date_due": "",
            "markup_percent": 0.00,
            "budget_category_code": "",
            "expense_budget_flag": 0,
            "labor_budget_flag": 0,
            "location_code": "00",
            "trx_approval_flag": 2,
            "rate_table1": 1,
            "rate_table2": 33,
            "cost_type": 15,
            "task_type": 1,
            "eqp_table1": 3,
            "eqp_table2": 4,
            "generic_flag": 0,
            "current_prebill_number": "",
            "billable_flag": 0,
            "create_id": "john.doe",
            "create_date": "2019-07-25T10:57:00.947",
            "modify_id": "",
            "modify_date": "",
            "resource_required": 0,
            "cost_budget_type": 1,
            "task_budget_type": 0,
            "res_usage_budget_type": 0,
            "res_category_code": "",
            "res_type": 0,
            "res_budget_type": 0,
            "budget_template_code": "EXP",
            "percent_fee": 0.00,
            "parent_level3_key": "",
            "hOrder": 1,
            "service_type": "",
            "ad_server_flag": 0,
            "email_address": "",
            "expense_copyflag": 1,
            "pbg_mgt_percent_fee": 0.00,
            "is_master_budget_reduction_required": 1,
            "default_labor_flag": 0,
            "perf_oblig_code": "",
            "apply_tiered_rate": 0,
            "apply_minimum_fee": 0,
            "minimum_fee": 0.00,
            "tiered_rate_participants": 0,
            "media_paid_by_client": 0,
            "cumulative_flag": 0,
            "tiered_rate_code": 0,
            "overwrite_minimum_fee_flag": 0,
            "overwrite_tired_rate_flag": 0,
            "apply_maximum_fee": 0,
            "maximum_fee": 0.00,
            "overwrite_maximum_fee_flag": 0,
            "adtech_field_count": 0
        },
        {
            "company_code": 2,
            "level2_key": "GOOGL-DIS-PR-0023",
            "level3_key": "Non-Billable",
            "level3_description": "Expenses - Non-Billable",
            "class_code": "PROD_NB",
            "org_unit": "Creative",
            "expense_flag": 1,
            "labor_flag": 0,
            "level3_status": 1,
            "date_opened": "2019-07-01T00:00:00",
            "date_closed": "",
            "date_due": "",
            "markup_percent": 0.00,
            "budget_category_code": "",
            "expense_budget_flag": 0,
            "labor_budget_flag": 0,
            "location_code": "00",
            "trx_approval_flag": 2,
            "rate_table1": 1,
            "rate_table2": 33,
            "cost_type": 16,
            "task_type": 1,
            "eqp_table1": 3,
            "eqp_table2": 4,
            "generic_flag": 0,
            "current_prebill_number": "",
            "billable_flag": 1,
            "create_id": "john.doe",
            "create_date": "2019-07-25T10:57:01.230",
            "modify_id": "",
            "modify_date": "",
            "resource_required": 0,
            "cost_budget_type": 0,
            "task_budget_type": 0,
            "res_usage_budget_type": 0,
            "res_category_code": "",
            "res_type": 0,
            "res_budget_type": 0,
            "budget_template_code": "EXP",
            "percent_fee": 0.00,
            "parent_level3_key": "",
            "hOrder": 1,
            "service_type": "",
            "ad_server_flag": 0,
            "email_address": "",
            "expense_copyflag": 1,
            "pbg_mgt_percent_fee": 0.00,
            "is_master_budget_reduction_required": 1,
            "default_labor_flag": 0,
            "perf_oblig_code": "",
            "apply_tiered_rate": 0,
            "apply_minimum_fee": 0,
            "minimum_fee": 0.00,
            "tiered_rate_participants": 0,
            "media_paid_by_client": 0,
            "cumulative_flag": 0,
            "tiered_rate_code": 0,
            "overwrite_minimum_fee_flag": 0,
            "overwrite_tired_rate_flag": 0,
            "apply_maximum_fee": 0,
            "maximum_fee": 0.00,
            "overwrite_maximum_fee_flag": 0,
            "adtech_field_count": 0
        },
        {
            "company_code": 2,
            "level2_key": "GOOGL-DIS-PR-0023",
            "level3_key": "STUDIO",
            "level3_description": "Studio Charges",
            "class_code": "PRODUCTION",
            "org_unit": "Creative",
            "expense_flag": 0,
            "labor_flag": 0,
            "level3_status": 1,
            "date_opened": "2019-07-01T00:00:00",
            "date_closed": "",
            "date_due": "",
            "markup_percent": 0.00,
            "budget_category_code": "",
            "expense_budget_flag": 0,
            "labor_budget_flag": 0,
            "location_code": "00",
            "trx_approval_flag": 2,
            "rate_table1": 1,
            "rate_table2": 33,
            "cost_type": 14,
            "task_type": 1,
            "eqp_table1": 3,
            "eqp_table2": 4,
            "generic_flag": 0,
            "current_prebill_number": "",
            "billable_flag": 0,
            "create_id": "john.doe",
            "create_date": "2019-07-25T10:57:01.353",
            "modify_id": "",
            "modify_date": "",
            "resource_required": 0,
            "cost_budget_type": 0,
            "task_budget_type": 0,
            "res_usage_budget_type": 0,
            "res_category_code": "",
            "res_type": 0,
            "res_budget_type": 2,
            "budget_template_code": "RES",
            "percent_fee": 0.00,
            "parent_level3_key": "",
            "hOrder": 1,
            "service_type": "",
            "ad_server_flag": 0,
            "email_address": "",
            "expense_copyflag": 0,
            "pbg_mgt_percent_fee": 0.00,
            "is_master_budget_reduction_required": 1,
            "default_labor_flag": 0,
            "perf_oblig_code": "",
            "apply_tiered_rate": 0,
            "apply_minimum_fee": 0,
            "minimum_fee": 0.00,
            "tiered_rate_participants": 0,
            "media_paid_by_client": 0,
            "cumulative_flag": 0,
            "tiered_rate_code": 0,
            "overwrite_minimum_fee_flag": 0,
            "overwrite_tired_rate_flag": 0,
            "apply_maximum_fee": 0,
            "maximum_fee": 0.00,
            "overwrite_maximum_fee_flag": 0,
            "adtech_field_count": 0
        },
        {
            "company_code": 2,
            "level2_key": "GOOGL-DIS-PR-0023",
            "level3_key": "TIME",
            "level3_description": "Time",
            "class_code": "PRODUCTION",
            "org_unit": "Creative",
            "expense_flag": 0,
            "labor_flag": 1,
            "level3_status": 1,
            "date_opened": "2019-07-01T00:00:00",
            "date_closed": "",
            "date_due": "",
            "markup_percent": 0.00,
            "budget_category_code": "",
            "expense_budget_flag": 0,
            "labor_budget_flag": 0,
            "location_code": "00",
            "trx_approval_flag": 2,
            "rate_table1": 1,
            "rate_table2": 33,
            "cost_type": 14,
            "task_type": 2,
            "eqp_table1": 3,
            "eqp_table2": 4,
            "generic_flag": 0,
            "current_prebill_number": "",
            "billable_flag": 0,
            "create_id": "john.doe",
            "create_date": "2019-07-25T10:57:01.790",
            "modify_id": "",
            "modify_date": "",
            "resource_required": 0,
            "cost_budget_type": 0,
            "task_budget_type": 0,
            "res_usage_budget_type": 0,
            "res_category_code": "",
            "res_type": 0,
            "res_budget_type": 0,
            "budget_template_code": "TIME",
            "percent_fee": 0.00,
            "parent_level3_key": "",
            "hOrder": 1,
            "service_type": "",
            "ad_server_flag": 0,
            "email_address": "",
            "expense_copyflag": 0,
            "pbg_mgt_percent_fee": 0.00,
            "is_master_budget_reduction_required": 1,
            "default_labor_flag": 1,
            "perf_oblig_code": "",
            "apply_tiered_rate": 0,
            "apply_minimum_fee": 0,
            "minimum_fee": 0.00,
            "tiered_rate_participants": 0,
            "media_paid_by_client": 0,
            "cumulative_flag": 0,
            "tiered_rate_code": 0,
            "overwrite_minimum_fee_flag": 0,
            "overwrite_tired_rate_flag": 0,
            "apply_maximum_fee": 0,
            "maximum_fee": 0.00,
            "overwrite_maximum_fee_flag": 0,
            "adtech_field_count": 0
        }
    ]
}