{
    "metadata": {
        "limit": 1000,
        "offset": 0,
        "resultCount": 1,
        "totalAmount": 0.0
    },
    "data": [
        {
            "company_code": 2,
            "customer_code": "GOOGL900",
            "site_id": "PRIMARY",
            "customer_name": "Google, Inc.",
            "cust_po_num": "",
            "product_code": "DISPLAY",
            "level1_key": "",
            "level2_key": "GOOGL-DIS-PR-0023",
            "period_category_code": "[ALL]",
            "level2_description": "Job name -- with McGarryBowen",
            "bill_period_type": "",
            "currency_code": "USD",
            "billing_currency_code": "USD",
            "class_code": "PRODUCTION",
            "level2_type": "PROD",
            "level2_status": 1,
            "markup": 0.0,
            "level2_open_date": "2019-07-01T00:00:00",
            "level2_due_date": "2020-08-19T23:59:59",
            "level2_close_date": "",
            "level2_text": "",
            "priority_level": 1,
            "expense_budget_flag": 0,
            "labor_budget_flag": 0,
            "level2_org_unit": "Creative",
            "location_code": "00",
            "level_category_code": "",
            "generic_step_flag": 0,
            "validate_resource": 0,
            "trx_approval_required_flag": 2,
            "bill_approval_required_flag": 1,
            "rate_table1": 1,
            "rate_table2": 33,
            "cost_type": 14,
            "task_type": 1,
            "eqp_table1": 3,
            "eqp_table2": 4,
            "level3_rate_table_flag": 0,
            "res_group_id": "22-DD",
            "general_ref1_code": "22-DD",
            "general_ref2_code": "",
            "general_ref3_code": "",
            "general_ref4_code": "",
            "general_ref5_code": "",
            "level1_billing_flag": 0,
            "invoice_format_flag": 0,
            "invoice_format": "",
            "current_prebill_number": "",
            "budget_type_flag": 1,
            "markup_source": 3,
            "billable_flag": 0,
            "post_to_ar": 0,
            "create_id": "john.doe",
            "create_date": "2019-07-25T10:57:00.6",
            "modify_id": "",
            "modify_date": "",
            "po_required_flag": 1,
            "budget_required_flag": 1,
            "tolerance_budget_flag": 0,
            "tolerance_po_flag": 0,
            "tolerance_budget_amount": 0.0,
            "tolerance_po_amount": 0.0,
            "cost_budget_type": 0,
            "task_budget_type": 0,
            "res_usage_budget_type": 0,
            "res_category_code": "",
            "res_type": 0,
            "res_budget_type": 0,
            "budget_template_code": "Search Media",
            "wf_template_code": "",
            "po_format": "360iLogo_PurchaseOrder.rpt",
            "po_approval_required_flag": 1,
            "comments_for_time_required_flag": 0,
            "comments_for_expense_required_flag": 0,
            "client_type_code": "0",
            "percent_fee": 0.0,
            "apply_tiered_rate": 0,
            "tiered_rate_participants": 0,
            "media_paid_by_client": 0,
            "apply_minimum_fee": 0,
            "minumum_fee": 0.0,
            "tiered_rate_code": 0,
            "service_type_grp_id": "Design - Development",
            "approved_flag": 1,
            "cumulative_flag": 0,
            "level2_template_key": "ZZPRODUCTION",
            "strata_estimate_id": 0,
            "budget_category_code": "",
            "api_tolerance": 0.0,
            "pbg_mgt_percent_fee": 0.0,
            "is_master_budget_reduction_required": 1,
            "wf_resourcing_flag": 1,
            "wf_com_flag": 1,
            "ad_tech_level": 3,
            "level2_resources": [
                {
                    "resource_id": "1399",
                    "name_first": "Ramsey",
                    "name_last": "Wolfe",
                    "position_category_code": 8,
                    "position_category_name": "Budget Approver",
                    "effective_date": "2012-07-30T00:00:00",
                    "expiration_date": ""
                },
                {
                    "resource_id": "200786",
                    "name_first": "John",
                    "name_last": "Doe",
                    "position_category_code": 8,
                    "position_category_name": "Budget Approver",
                    "effective_date": "2015-06-30T00:00:00",
                    "expiration_date": ""
                },
                {
                    "resource_id": "001089",
                    "name_first": "Jeffrey",
                    "name_last": "Dixon",
                    "position_category_code": 5,
                    "position_category_name": "Finance",
                    "effective_date": "2014-09-23T00:00:00",
                    "expiration_date": ""
                },
                {
                    "resource_id": "1404",
                    "name_first": "Genesis",
                    "name_last": "Geraldino",
                    "position_category_code": 5,
                    "position_category_name": "Finance",
                    "effective_date": "2012-07-30T00:00:00",
                    "expiration_date": ""
                },
                {
                    "resource_id": "1410",
                    "name_first": "Sharon",
                    "name_last": "Samuel",
                    "position_category_code": 5,
                    "position_category_name": "Finance",
                    "effective_date": "2012-07-30T00:00:00",
                    "expiration_date": ""
                },
                {
                    "resource_id": "200548",
                    "name_first": "Jane",
                    "name_last": "Doe",
                    "position_category_code": 5,
                    "position_category_name": "Finance",
                    "effective_date": "2012-07-30T00:00:00",
                    "expiration_date": ""
                },
                {
                    "resource_id": "200685",
                    "name_first": "Neerav",
                    "name_last": "Jain",
                    "position_category_code": 5,
                    "position_category_name": "Finance",
                    "effective_date": "2013-09-04T00:00:00",
                    "expiration_date": ""
                },
                {
                    "resource_id": "200762",
                    "name_first": "Andrea",
                    "name_last": "Pantaleo",
                    "position_category_code": 5,
                    "position_category_name": "Finance",
                    "effective_date": "2012-07-30T00:00:00",
                    "expiration_date": ""
                },
                {
                    "resource_id": "200786",
                    "name_first": "John",
                    "name_last": "Doe",
                    "position_category_code": 5,
                    "position_category_name": "Finance",
                    "effective_date": "2013-11-12T00:00:00",
                    "expiration_date": ""
                },
                {
                    "resource_id": "200870",
                    "name_first": "Shantie",
                    "name_last": "Ramtakah",
                    "position_category_code": 5,
                    "position_category_name": "Finance",
                    "effective_date": "2012-07-30T00:00:00",
                    "expiration_date": ""
                },
                {
                    "resource_id": "201083",
                    "name_first": "Michelle",
                    "name_last": "Williams",
                    "position_category_code": 5,
                    "position_category_name": "Finance",
                    "effective_date": "2012-07-30T00:00:00",
                    "expiration_date": ""
                },
                {
                    "resource_id": "201797",
                    "name_first": "Geomar",
                    "name_last": "Bravo",
                    "position_category_code": 5,
                    "position_category_name": "Finance",
                    "effective_date": "2013-06-24T00:00:00",
                    "expiration_date": ""
                },
                {
                    "resource_id": "202019",
                    "name_first": "Sopitu",
                    "name_last": "Soth",
                    "position_category_code": 5,
                    "position_category_name": "Finance",
                    "effective_date": "2015-01-20T00:00:00",
                    "expiration_date": ""
                },
                {
                    "resource_id": "202036",
                    "name_first": "Christopher",
                    "name_last": "Chin",
                    "position_category_code": 5,
                    "position_category_name": "Finance",
                    "effective_date": "2013-09-24T00:00:00",
                    "expiration_date": ""
                },
                {
                    "resource_id": "202278",
                    "name_first": "Chelsea",
                    "name_last": "Weigand",
                    "position_category_code": 5,
                    "position_category_name": "Finance",
                    "effective_date": "2014-03-11T00:00:00",
                    "expiration_date": ""
                },
                {
                    "resource_id": "202557",
                    "name_first": "Jordan",
                    "name_last": "Sporn",
                    "position_category_code": 5,
                    "position_category_name": "Finance",
                    "effective_date": "2014-07-23T00:00:00",
                    "expiration_date": ""
                },
                {
                    "resource_id": "202582",
                    "name_first": "Eric",
                    "name_last": "Weinstein",
                    "position_category_code": 5,
                    "position_category_name": "Finance",
                    "effective_date": "2014-07-23T00:00:00",
                    "expiration_date": ""
                },
                {
                    "resource_id": "202829",
                    "name_first": "Sabine",
                    "name_last": "Joseph",
                    "position_category_code": 5,
                    "position_category_name": "Finance",
                    "effective_date": "2015-02-12T00:00:00",
                    "expiration_date": ""
                },
                {
                    "resource_id": "200786",
                    "name_first": "John",
                    "name_last": "Doe",
                    "position_category_code": 11,
                    "position_category_name": "PO Approvers",
                    "effective_date": "2015-06-30T00:00:00",
                    "expiration_date": ""
                },
                {
                    "resource_id": "979",
                    "name_first": "Kelly",
                    "name_last": "Dudine",
                    "position_category_code": 2,
                    "position_category_name": "Reporting",
                    "effective_date": "2012-07-30T00:00:00",
                    "expiration_date": ""
                },
                {
                    "resource_id": "1188",
                    "name_first": "Jennifer",
                    "name_last": "Nasta",
                    "position_category_code": 12,
                    "position_category_name": "Resource Managers",
                    "effective_date": "2015-04-13T00:00:00",
                    "expiration_date": ""
                },
                {
                    "resource_id": "200786",
                    "name_first": "John",
                    "name_last": "Doe",
                    "position_category_code": 12,
                    "position_category_name": "Resource Managers",
                    "effective_date": "2018-05-11T00:00:00",
                    "expiration_date": ""
                },
                {
                    "resource_id": "843",
                    "name_first": "Justin",
                    "name_last": "Gonsalves",
                    "position_category_code": 12,
                    "position_category_name": "Resource Managers",
                    "effective_date": "2015-04-13T00:00:00",
                    "expiration_date": ""
                }
            ],
            "level2_accounting": {
                "rev_rec_perc_com": 1,
                "rev_rec_level": 2,
                "rev_rec_period_category": "MONTH",
                "rev_rec_formula": 10,
                "rev_rec_revenue_trx_type": 9001,
                "rev_rec_cost_trx_type": 9002,
                "rev_rec_level3_key": "TIME",
                "rev_rec_accure_cost": 9002,
                "rev_rec_entry_level": 0,
                "rev_rec_accure_neg_cost": 1,
                "start_date": "2019-07-25T00:00:00"
            }
        }
    ]
}