{
    "metadata": [],
    "data": [
        {
            "company_code": 2,
            "company_name": "_TestCo",
            "status": "ACTIVE",
            "po_code": "PO017193",
            "po_date": "2019-07-25T00:00:00",
            "revision_id": 0,
            "vendor_code": "1CH",
            "vendor_name": "1CH, LLC",
            "vendor_site_id": "PRIMARY",
            "tax_code": "NOTAXP",
            "currency_code": "USD",
            "terms_code": "Net 30",
            "due_date": "2019-08-31T00:00:00",
            "comments": "",
            "po_amt": 35000.00,
            "create_date": "2019-07-25T11:33:11.427",
            "modify_date": "2019-09-26T13:31:05.76",
            "external_id": "",
            "external_1": "",
            "external_2": "",
            "external_3": "",
            "external_4": "",
            "external_5": "",
            "po_details": [
                {
                    "line_id": 0,
                    "customer_code": "GOOGL900",
                    "customer_name": "Google, Inc.",
                    "level2_key": "GOOGL-DIS-PR-0023",
                    "level2_description": "Job name -- with McGarryBowen",
                    "level3_key": "Billable Client",
                    "level3_description": "Expenses - Billable to Client",
                    "cost_category": 255,
                    "due_date": "2019-08-31T00:00:00",
                    "comments": "",
                    "quantity": 1.00,
                    "net_cost": 35000.00,
                    "match_to_date_net": 20000.00,
                    "closed": 0
                }
            ]
        }
    ]
}