{
	"external_id": "test11",
    "vendor_code": "V09299/US44",
    "vendor_inv_number": "PRODPOINV01",
    "purchase_order_number":"PO058429",
	"invoice_date": "1/01/2021",
	"terms_code": "N30",
	"due_date": "1/31/2021",
	"gl_date": "1/01/2021",
	"comment": "",
	"currency_code": "USD",
	"invoice_file_web_url": "https://dentsu.nexelus.net/Web/documents/2/Voucher/TVCH098364/Kenshoo_20USIV04481.pdf",
	"lines": [{
		"line_id":1,
        "level2_key":"DSWINC-20-015",
        "level3_key":"Billable Client",
        "res_type":397,
		"comment":"",
		"amount":10,
		"tax_amount":0
	},
	{
		"line_id":2,
		"level2_key":"DSWINC-20-015",
        "level3_key":"Billable Client",
        "res_type":397,
		"comment":"",
		"amount":20,
		"tax_amount":0
	}]
}